Position,Runner,Time,Race Score,Age-Group,Gender,Nationality
1,RICHARD Victor,66:08:22,880,35-39,M,BEL
2,CORSINI Simone,71:48:55,810,23-34,M,ITA
2,PERRIER Martin,71:48:55,810,35-39,M,FRA
4,LANTERMINO Danilo,73:37:07,790,40-44,M,ITA
5,DORRONSORO Unai,74:15:19,783,40-44,M,ESP
6,Zhang WEIQIANG,74:33:59,780,40-44,M,CHN
7,MACCHI Andrea,75:40:49,769,35-39,M,ITA
8,NAVA Daniele,76:33:52,760,35-39,M,ITA
9,ORNATI Giulio,76:50:12,757,35-39,M,ITA
10,GRASEL Florian,78:24:51,742,40-44,M,AUT
11,ECCLES Lawrence,78:43:32,739,40-44,M,GBR
12,SHERPA Sange,78:58:57,736,40-44,M,NEP
13,VAN DER VEEN Noor,79:34:30,731,23-34,F,NED
14,GALEATI Gianluca,80:43:31,721,40-44,M,ITA
15,ROSTAGNO Alessandro,81:08:03,717,45-49,M,ITA
16,SANCHEZ Aurelien,81:50:24,711,23-34,M,USA
17,PEREZ VELARDE Juan Francisco,81:51:03,711,50-54,M,ESP
18,BORZANI Lisa,83:26:06,697,45-49,F,ITA
19,TAYLOR Natalie,84:11:31,691,40-44,F,GBR
20,BULIGA Corneliu,84:38:16,687,35-39,M,ROU
21,PAGANELLI Melissa,84:55:25,685,23-34,F,ITA
22,NAKATANI Ryota,85:05:28,684,23-34,M,JPN
23,BOSATELLI Oliviero Ignazio,86:16:17,674,55-59,M,ITA
24,SCHJOLBERG Hallvard,86:32:22,672,50-54,M,NOR
25,Anonymous 393891,88:20:43,658,-,-,ESP
26,KELLY John,88:28:53,657,40-44,M,USA
27,DEVAUX Francois,88:48:00,655,35-39,M,FRA
28,LUDOVISI Emanuele,89:31:40,650,40-44,M,ITA
29,GERBIN Kaytlyn,90:34:20,642,35-39,F,USA
30,TIERNEY Paul,90:43:24,641,40-44,M,IRL
31,SOMMER Corina,91:22:48,636,50-54,F,SUI
32,MIRBACH Lars,91:42:13,634,40-44,M,FRA
33,MAKSIMAINEN Ville,91:58:11,632,45-49,M,FIN
34,STORC Joseph,92:02:10,632,40-44,M,USA
35,FERNANDEZ VARELA Fidel,92:46:37,627,40-44,M,ESP
36,MASRAMON BALLUS Marc,93:19:24,623,45-49,M,ESP
37,BAI Xingzhi,93:23:55,623,35-39,M,CHN
38,RIPERT Sylvain,93:59:34,619,23-34,M,FRA
39,CURRERI Edoardo,94:04:17,618,23-34,M,ITA
40,TOKUMOTO Junko,94:17:59,617,35-39,F,JPN
41,VALLARINO Francesco,94:29:57,615,35-39,M,ITA
42,RADICE Angelo Gian Mattia,94:39:11,614,50-54,M,ITA
43,NICCO Daniele,95:07:18,611,40-44,M,ITA
44,ZIMMERMANN Denise,95:50:15,607,45-49,F,SUI
45,DAWIRS Olivier,96:14:48,604,35-39,M,BEL
46,DOUCET Samuel,96:21:39,604,23-34,M,FRA
47,MARCUCCILLI Jeremie,96:22:54,603,40-44,M,FRA
48,PEDRETTI Sergio,96:39:21,602,45-49,M,ITA
49,GRANT Sophie,96:40:37,602,40-44,F,NZL
50,KARRER Beat,96:40:54,602,45-49,M,SUI
51,PEDERZOLI Alessandro,96:53:45,600,40-44,M,ITA
52,CANAL MONTE Jorge,97:04:34,599,40-44,M,ESP
53,POLLATZ Charlotte,97:06:08,599,35-39,F,FRA
54,CAGLIANI Michele,97:16:13,598,45-49,M,ITA
55,BOCLINVILLE Gauthier,97:28:07,597,40-44,M,BEL
56,COLLE Stefano,97:42:31,595,40-44,M,ITA
57,SANTOS POSE Jose Manuel,98:00:11,593,50-54,M,ESP
58,O FARRELL Lonan,98:16:22,592,40-44,M,IRL
59,TIDD Bill,98:20:07,591,60-64,M,USA
60,REN Dapeng,98:30:02,590,40-44,M,CHN
61,WANG Yuxuan,99:10:24,586,50-54,M,CHN
62,HUGHES Annie,99:16:37,586,23-34,F,USA
63,PLATAMONE Patrick,99:25:09,585,35-39,M,SUI
64,CHILOVI Luca,99:33:24,584,23-34,M,ITA
65,CHEN RONGRONG,99:57:50,582,40-44,F,CHN
66,JUMISKO Juha,100:46:26,577,40-44,M,FIN
67,BUONO Ludovic,100:46:40,577,40-44,M,SUI
68,KUZMIAK Stanislaw,101:10:11,575,45-49,M,POL
69,VOGEL Mark,101:20:52,574,50-54,M,USA
70,TOLLET Ghislain,101:44:03,572,23-34,M,FRA
71,ZANOVELLO Giulia,101:52:56,571,23-34,F,ITA
72,VILARDELL Albert,101:57:43,570,45-49,M,ESP
73,MORRISON MARTIN,102:05:22,570,50-54,M,GBR
74,RINCON CALVENTE Cristian,102:26:34,568,23-34,M,ESP
75,ROUALDES Mathieu,102:42:09,566,35-39,M,FRA
75,SCHWEYER Remi,102:42:09,566,35-39,M,FRA
77,MICHIELLI Valentina,102:58:09,565,40-44,F,ITA
78,BOURIEL Steve,103:10:15,564,40-44,M,FRA
78,BOURIEL Yoann,103:10:15,564,40-44,M,FRA
80,LORIN AURELIEN,103:18:58,563,45-49,M,CAN
81,CAUSSARIEU Valery,103:33:06,562,50-54,M,FRA
82,SANTOS Nuno,103:45:07,560,50-54,M,POR
83,ZHANG Huiping,103:45:29,560,35-39,F,CHN
84,SOLIGO Lorenzo,103:46:33,560,45-49,M,ITA
85,FOWLKES Jonathan,104:03:32,559,40-44,M,USA
86,GOURBESVILLE Emmanuel,104:06:36,559,45-49,M,FRA
87,HUZIJ Frank,104:09:57,558,55-59,M,AUT
88,CHARRIER Nicolas,104:13:05,558,45-49,M,FRA
89,CAROLI Stefano,104:15:05,558,40-44,M,ITA
90,CATTANEO Andrea,104:19:55,557,40-44,M,ITA
91,GUERINI Luca,104:27:44,557,55-59,M,ITA
92,MELANDA Licinio,104:42:35,555,45-49,M,LUX
93,YAMASAKI Kiichiro,105:04:21,553,45-49,M,JPN
94,LOULA Jan,105:09:38,553,23-34,M,CAN
95,EVANGELOS Bakas,105:14:22,553,50-54,M,GRE
96,FAIRMAN Alex,105:17:41,552,35-39,M,GBR
97,PETRIDIS DEROSSI Gabriel,105:19:34,552,23-34,M,CAN
98,PONCHON Barthelemy,105:20:57,552,35-39,M,FRA
99,CARUSI Fabio,105:26:07,552,50-54,M,ITA
100,BRUESCHWEILER Roman,105:32:31,551,50-54,M,SUI
101,TRISTANTE Alberto,105:44:17,550,45-49,M,ESP
102,CAPACCHIONE Matteo,105:44:19,550,35-39,M,ITA
103,BLANC Steeven,105:47:19,550,23-34,M,FRA
104,CAVALLINI Simonluca,105:52:46,549,45-49,M,ITA
105,TAUTSCHER Hannes,105:54:42,549,50-54,M,AUT
106,PEDROTTI Dario,105:59:49,549,50-54,M,ITA
107,HERCEGFI Timo,106:03:38,548,50-54,M,GER
108,DE BERTI Tommaso,106:15:01,547,45-49,M,ITA
109,LUNDQVIST Maria,106:21:36,547,35-39,F,SWE
110,DEKEYSER Laurens,106:27:03,546,23-34,M,BEL
111,Zabrodsky Dusan,106:34:09,546,45-49,M,CZE
112,RIGAL Julien,106:49:20,544,40-44,M,FRA
113,STEEN Benjamin,106:52:55,544,45-49,M,FRA
114,FOURTANIER Ludovic,107:04:51,543,50-54,M,FRA
115,WEI shiyu,107:11:11,543,50-54,M,CHN
116,YOKOTA Takahiro,107:30:36,541,35-39,M,JPN
117,CARAFFA MIRCO,107:35:48,540,45-49,M,ITA
118,MARAN Stefano,107:39:45,540,55-59,M,ITA
119,BOURGEOIS Julien,108:04:03,538,40-44,M,FRA
120,PINTO Guido,108:13:58,537,45-49,M,ITA
121,BOURGEOT Stephane,108:19:10,537,50-54,M,FRA
122,BATES Becky,108:40:08,535,60-64,F,CAN
123,CRUZ BRAVO Jorge,108:47:46,534,45-49,M,MEX
124,KONO Daniel,108:48:39,534,55-59,M,USA
125,BERGOUNIOUX Sylvain,108:50:26,534,35-39,M,FRA
126,IVANOVSKI Zhikica,108:59:40,534,40-44,M,MKD
127,POZZOBON Nicola,109:10:13,533,40-44,M,ITA
128,FANTIN Gianluca,109:10:21,533,23-34,M,ITA
129,BAXTER THOMAS,109:14:04,532,35-39,M,IRL
130,AUBERT Florent,109:20:18,532,45-49,M,FRA
131,SOLENNITA Giulio,109:22:45,532,50-54,M,ITA
132,BUCKINGHAM Anna,109:28:40,531,40-44,F,GBR
133,ENGLUND Tom,109:30:41,531,45-49,M,SWE
134,CHARVET Cedric,109:46:42,530,45-49,M,FRA
135,SOTILLO Antoni,110:12:37,528,45-49,M,ESP
136,LIIMATAINEN Osmo,110:25:53,527,40-44,M,FIN
137,VANTTINEN Joni,110:25:54,527,40-44,M,FIN
138,CHANG xu,110:28:46,526,40-44,M,CHN
139,CORSET Franck,110:30:32,526,50-54,M,FRA
140,CASELLI Cristian,110:33:34,526,35-39,M,ITA
141,VANHULST Nicolas,110:40:40,525,40-44,M,BEL
142,TYS Maxime,110:40:42,525,35-39,M,BEL
143,BORTOLI luca,110:43:09,525,55-59,M,ITA
144,DENBY Mark,110:57:23,524,50-54,M,GBR
145,GREGORETTI Stefano,110:58:22,524,50-54,M,ITA
146,PILSKY Tomas,111:04:28,524,40-44,M,CZE
147,KUJAWA Krzysztof,111:13:33,523,40-44,M,POL
148,MAMIC Andi,111:14:34,523,45-49,M,SLO
149,CARDOSO Antonio,111:21:29,522,50-54,M,POR
150,FERREIRA Hugo,111:21:30,522,40-44,M,POR
150,SILVA TERESO Duarte,111:21:30,522,23-34,M,POR
152,GRAÇA Nelson,111:21:53,522,35-39,M,POR
153,GERBIN Ely,111:26:52,522,35-39,M,USA
154,REQUENA OSETE Jordi,111:31:33,521,35-39,M,ESP
155,KJAER Harriet,111:42:00,521,50-54,F,DEN
156,BIANCO Simone,111:58:56,519,45-49,M,ITA
157,VAN DEN BERGH Colin,112:00:48,519,35-39,M,RSA
158,BAGÃO Margarida,112:13:55,518,40-44,F,POR
159,NEGANOV Maxim,112:23:25,517,40-44,M,ITA
160,EVANGELISTI Michele,112:32:17,517,45-49,M,ITA
161,FLUMMERFELT Tom,112:40:06,516,50-54,M,USA
162,OSTUNI Renato,112:44:50,516,40-44,M,ITA
163,ASPERSKI Michal,112:47:42,516,45-49,M,POL
164,CADEAU BELLIARD Sebastien,113:01:56,514,45-49,M,FRA
165,PIEROZZI GABRIELE,113:02:32,514,45-49,M,ITA
166,INNOCENTI Chiara,113:02:54,514,40-44,F,ITA
167,CROSTA Alan,113:35:16,512,23-34,M,ITA
168,IEMMA Cristian,113:36:59,512,45-49,M,ITA
169,BERTOLLA Riccardo,113:39:24,512,45-49,M,ITA
170,PIGARELLI Matteo,113:39:26,512,45-49,M,ITA
171,GRIFFON Yann,113:42:52,511,45-49,M,FRA
172,PAALLYSAHO Juha,113:59:44,510,35-39,M,FIN
173,LAURENT Simone,114:28:53,508,45-49,M,ITA
174,GEVAUX Alexandre,114:35:47,507,40-44,M,FRA
175,PONZO Jean-Michel,114:45:33,507,40-44,M,FRA
176,SCHALKX Tijmen,114:58:14,506,23-34,M,NED
177,EULOGIO Riccardo,115:00:52,506,-,,ITA
178,MILE Monika,115:03:11,505,23-34,F,LTU
179,CAVALLINI Cristiano,115:09:57,505,45-49,M,ITA
180,SAIEVA Maximiliano,115:10:03,505,50-54,M,ITA
181,KOTAI Victor,115:11:09,505,35-39,M,ROU
182,PERA MIRAS Miquel,115:19:15,504,40-44,M,ESP
183,BODERE Henri,115:20:17,504,60-64,M,FRA
184,DELBARBA Stefano,115:24:42,504,50-54,M,ITA
185,KELLY Sean,115:26:04,504,45-49,M,GBR
186,KINGO Gunnar,115:30:55,503,45-49,M,EST
187,MACCHIAVELLO Giorgio,115:36:33,503,60-64,M,ITA
188,AITA Kenta,115:38:17,503,23-34,M,JPN
189,WALCZAK Maciej,115:41:25,503,45-49,M,POL
190,TALLIA Chiara,115:51:23,502,45-49,F,ITA
191,MOMOSE Masaru,115:53:08,502,40-44,M,JPN
192,PORUBCAN Pavol,115:54:51,502,50-54,M,SVK
193,KORENFELD Alexandre,116:15:38,500,23-34,M,FRA
194,BARDET Emmanuel,116:17:48,500,50-54,M,FRA
195,LEPPÄLÄ Mika,116:28:32,499,40-44,M,FIN
196,LEBRAY David,116:33:58,499,50-54,M,FRA
197,PARIS Remi,116:44:37,498,35-39,M,FRA
198,PALMIER Nicolas,116:46:10,498,40-44,M,FRA
199,GASTON CONDUTE Guilhem,116:56:20,497,45-49,M,FRA
200,QUINDE ARMIJOS Gustavo Orlando,116:56:53,497,23-34,M,ITA
201,FOX Bradley,116:57:38,497,55-59,M,USA
202,VALENCONY Alexandre,117:06:03,497,35-39,M,FRA
203,HILMARSDOTTIR Hafdis Gudrun,117:09:09,496,50-54,F,ISL
204,DE DONCKER Gregory,117:12:42,496,45-49,M,FRA
205,TORDI Luca,117:15:29,496,35-39,M,ITA
206,RENAUD AURELIEN,117:25:40,495,40-44,M,FRA
207,SCIARRETTA Christian,117:25:57,495,50-54,M,ITA
208,KONO Megan,117:45:08,494,40-44,F,USA
209,MOELLER Thure,117:52:26,493,45-49,M,DEN
210,GUILLE Benjamin,118:05:11,492,40-44,M,FRA
211,CASAROTTO Riccardo,118:05:58,492,23-34,M,ITA
212,MEIER Adrian,118:11:26,492,40-44,M,SUI
213,ADRIAN Scott,118:18:57,491,50-54,M,GBR
214,PLATINI Martino,118:20:40,491,23-34,M,ITA
215,GARMENDIA ELORZA Aitor,118:22:43,491,45-49,M,ESP
216,LI Mui Chun,118:29:55,491,55-59,F,HKG
217,FENG Wei,118:30:09,491,55-59,M,SGP
218,YE Xiaoming,118:30:18,491,45-49,M,CHN
219,BUTTIGNOL Marco,118:35:24,490,23-34,M,ITA
220,HAYES Jacob,118:40:18,490,50-54,M,GBR
221,BUNN Spencer,118:40:25,490,50-54,M,GBR
222,BONICCO Mauro,118:45:30,490,45-49,M,ITA
223,BETOURET Sebastien,118:45:43,490,45-49,M,FRA
224,KRAHENBUHL Samuel,118:47:29,489,50-54,M,SUI
225,CABONA Diego,118:49:45,489,40-44,M,ITA
226,PASTORINO Adriano,118:57:33,489,45-49,M,ITA
227,CHERICONI Alessandro,118:57:39,489,40-44,M,ITA
228,SHIGEO Morisue,119:02:27,488,45-49,M,JPN
229,SIROT Philippe,119:17:43,487,45-49,M,FRA
230,BRIOT Anthony,119:17:44,487,45-49,M,FRA
231,BARBER Caleb,119:26:35,487,40-44,M,USA
232,MENEGHEL Stephane,119:48:38,485,50-54,M,FRA
233,GAROTA Maurizio,119:49:33,485,55-59,M,ITA
234,SEPTIYANTO Rachmat,119:52:36,485,35-39,M,INA
235,CHEDEL Yannick,119:54:34,485,50-54,M,SUI
236,GENERALI Alessandro,119:55:24,485,60-64,M,ITA
237,LACROUTS Clement,120:12:32,484,23-34,M,FRA
238,MARTINI Roberto,120:12:33,484,40-44,M,ITA
239,GOUDIE Amanda,120:15:35,483,40-44,F,CAN
240,PENNISI Alberto,120:22:29,483,40-44,M,ITA
241,BALOSSI Stefano,120:39:31,482,40-44,M,ITA
242,CARUSI Valeria,120:39:33,482,35-39,F,ITA
243,MONTORSI Davide,120:40:28,482,45-49,M,ITA
244,VAN EYLEN Peter,120:48:42,481,45-49,M,BEL
245,GAUDILLIERE Quentin,120:51:22,481,40-44,M,FRA
246,CANDRA Sianti,120:55:43,481,35-39,F,INA
247,CAMPANER Simone,121:07:18,480,50-54,M,ITA
248,TRUCCONE Giorgio,121:09:09,480,55-59,M,ITA
249,BRUNES Juliane,121:15:32,479,23-34,F,GER
250,BUTLER Luke,121:20:37,479,23-34,M,GBR
251,STÉBÉ-RIVET Thomas,121:24:46,479,45-49,M,FRA
252,FEDELE Domenico,121:25:04,479,60-64,M,ITA
253,SIEGENTHALER Patric,121:25:58,479,45-49,M,SUI
254,TORRENTE Samy,121:27:11,479,40-44,M,FRA
255,BROWN Jean,121:36:50,478,55-59,F,GBR
256,DOAT Pierre,122:22:15,475,55-59,M,BEL
257,EURY Mark,122:24:21,475,45-49,M,USA
258,WINDAL Pierre,122:27:02,475,23-34,M,FRA
259,RIGO Jaume,122:33:15,474,45-49,M,ESP
260,HANNES Pesserer,122:38:47,474,40-44,M,AUT
261,MICHETTI Andrea,122:52:24,473,45-49,M,ITA
262,FIOLETTI Angelo,123:09:08,472,55-59,M,ITA
263,FIORONI Massimo,123:12:41,472,55-59,M,ITA
264,RADIN Tatiana,123:14:16,472,40-44,F,ITA
265,PROUST Philippe,123:21:53,471,55-59,M,FRA
266,CHASLES Olivier,123:21:54,471,60-64,M,FRA
267,MULDER Rickert,123:23:15,471,35-39,M,RSA
268,STUHL Matthias,123:31:15,471,50-54,M,GER
269,HUTTL Adrian,123:31:18,471,23-34,M,GER
270,LYU Guangce,123:33:57,471,50-54,M,CHN
271,COMINOLI Andrea,123:40:07,470,45-49,M,ITA
272,SISWANTO Hendra,123:42:13,470,45-49,M,INA
273,CODECÀ Stefano,123:45:36,470,50-54,M,ITA
274,ROBERTS christopher,123:45:53,470,40-44,M,GBR
275,LEVENTHAL Shiri,123:50:31,469,40-44,F,AUS
276,MEREU Fabrice,123:53:25,469,55-59,M,FRA
277,PERETTI Davide,123:54:59,469,35-39,M,ITA
278,PAROLA Danilo Francesco,123:55:00,469,35-39,M,ITA
279,DALLA MARIGA Enrico,123:55:37,469,45-49,M,ITA
280,MATSUI Ryoji,123:57:24,469,40-44,M,JPN
281,MARGUERIE Cedric,124:00:44,469,35-39,M,FRA
282,HUGON Thomas,124:00:45,469,23-34,M,FRA
283,POZZI DAVIDE,124:07:53,468,45-49,M,ITA
284,MOSER Christophe,124:11:33,468,50-54,M,SUI
285,FOSSATI Maria Ilaria,124:12:48,468,50-54,F,ITA
286,VAN DER STEL Barry,124:28:36,467,40-44,M,NED
287,KASNANEN Heikki,124:30:04,467,40-44,M,FIN
288,MONTERO RIBERA Abel,124:34:27,467,35-39,M,ESP
289,FIDELUS Jacek,124:37:51,467,45-49,M,POL
290,KAMINSKI Jacek,124:38:13,466,40-44,M,POL
291,DECAESTEKER David,124:40:50,466,45-49,M,FRA
292,WILLIAMS Jonathan,124:43:30,466,50-54,M,GBR
293,READER Jordan,124:43:52,466,23-34,M,USA
294,PIN Gregory,124:44:38,466,40-44,M,FRA
295,BAPTISTE Fabrice,124:44:43,466,50-54,M,FRA
296,SCHULZ NIGMANN Luder,124:46:28,466,50-54,M,GER
297,PASQUIER Laurent,124:49:05,466,55-59,M,FRA
298,BIELLER Didier,124:55:06,465,40-44,M,ITA
299,TANG Yu Hin Ice,124:58:38,465,40-44,M,CHN
300,MOSKALIK Tomasz,125:02:44,465,45-49,M,POL
301,TISCHER Jason,125:04:51,465,50-54,M,USA
302,COKAN Rok,125:07:43,465,35-39,M,SLO
303,MIRON Iulian,125:11:13,464,50-54,M,ROU
304,MORRIS Benjamin,125:13:49,464,40-44,M,GBR
305,BYIERS Bruce,125:14:07,464,45-49,M,GBR
306,MUNTEANU Vlad,125:15:19,464,40-44,M,ROU
307,PARMENTIER nicolas,125:15:59,464,55-59,M,FRA
308,TANADA Takayuki,125:25:10,464,50-54,M,JPN
309,SO Richard,125:32:30,463,35-39,M,CAN
310,SCALVINONI Fabio,125:33:09,463,45-49,M,ITA
311,POULAIN Jerome,125:34:33,463,45-49,M,FRA
312,WEBER Brad,125:34:54,463,45-49,M,CAN
313,STELLA Paolo,125:43:43,462,45-49,M,ITA
314,DELIAU Bastien,125:58:32,462,50-54,M,FRA
315,YUSOFF KHAIRUL AZMI,126:08:44,461,35-39,M,MAS
316,RATTO Francesco,126:09:20,461,40-44,M,ITA
317,GIACOMINI Gianluca,126:13:58,461,40-44,M,ITA
318,SZMYT Maciej,126:17:18,460,40-44,M,POL
319,BETHENCOURT JORGE Guillermo,126:23:11,460,23-34,M,ESP
320,MANITTO Andrea Vittorio,126:23:26,460,50-54,M,ITA
321,KUWAZANE Isao,126:24:17,460,45-49,M,JPN
322,BIZZI Daniele,126:25:49,460,50-54,M,ITA
323,PELLETIER Bertrand,126:27:59,460,50-54,M,FRA
324,MUNOZ GARCIA Albert,126:32:25,459,40-44,M,ESP
325,GONGET Christophe,126:34:47,459,50-54,M,FRA
326,ANDRE Geoffray,126:43:02,459,45-49,M,FRA
327,CHEN Haoyue,126:44:09,459,23-34,M,CHN
328,DESNOYERS Jonathan,126:48:32,458,40-44,M,FRA
329,SCARAMELLI Emanuele,126:53:02,458,40-44,M,ITA
330,BOUYER Fabien,126:53:22,458,50-54,M,FRA
331,CEPÁK Michal,126:53:36,458,45-49,M,CZE
332,TUAN ISMAIL TUAN HAFANDI,126:57:16,458,50-54,M,MAS
333,CORRADO Vacca,127:06:19,457,60-64,M,ITA
334,BACILE Audrey,127:16:37,457,45-49,F,FRA
335,CAVIGLIA Jerome,127:17:14,457,40-44,M,FRA
336,ROSSI Fabio,127:19:32,457,45-49,M,ITA
337,PETERSEN Ian,127:21:45,457,23-34,M,USA
338,SIMARD Arnaud,127:22:42,456,50-54,M,FRA
339,DURIEUX Mathieu,127:25:28,456,35-39,M,FRA
340,BOUCHER Frederic,127:26:29,456,55-59,M,FRA
340,JOUBERT Frederic,127:26:29,456,45-49,M,FRA
342,VERNET Thomas,127:26:30,456,40-44,M,FRA
343,BASTRENTAZ Andrea Antonio,127:26:51,456,60-64,M,ITA
344,VINCENDET Jean Baptiste,127:26:59,456,55-59,M,FRA
345,MARCHAND Michel,127:29:48,456,40-44,M,FRA
346,LIU Shangpeng,127:30:24,456,23-34,M,CHN
347,SORENSEN Christian,127:32:07,456,45-49,M,USA
348,MASSIMINO Simone,127:33:25,456,40-44,M,ITA
349,PARINI fabrizio,127:33:55,456,40-44,M,ITA
350,CRIPPA Andrea,127:34:30,456,40-44,M,ITA
351,SCOPEL Paolo,127:35:33,456,45-49,M,ITA
352,GANASSIN Emanuele Carlo,127:36:13,456,35-39,M,ITA
353,HOLMES Jake,127:37:55,456,40-44,M,GBR
353,MICHEL Alain,127:37:55,456,50-54,M,FRA
355,BARRA Silvio Andrea,127:40:26,455,60-64,M,ITA
356,FRINO Stefano,127:40:46,455,45-49,M,ITA
357,GHERSI Luca,127:45:18,455,45-49,M,ITA
358,PLOETNER Kay,127:48:55,455,45-49,M,GER
359,VILLANUEVA Abrahan,127:49:31,455,40-44,M,COL
360,SUNTHORNWIT Montha,127:53:38,455,45-49,F,THA
361,BOUCHOUX Romain,127:57:17,454,40-44,M,FRA
362,WU Xu dong,127:58:03,454,50-54,M,CAN
363,MARIANI Laura,127:59:37,454,45-49,F,ITA
364,POCHOLLE Benjamin,128:03:03,454,35-39,M,FRA
365,DAIX Vincent,128:03:08,454,45-49,M,FRA
366,HUN Hunghsin,128:04:01,454,40-44,M,TPE
367,BERAUD Gabriel,128:06:07,454,35-39,M,FRA
368,KURIHARA Yuta,128:08:36,454,35-39,M,JPN
369,ORIZIO Andrea,128:09:20,454,23-34,M,ITA
370,VILLA Emanuele,128:14:52,453,55-59,M,ITA
371,RIGO Andrea,128:16:52,453,45-49,M,ITA
372,CASANOVA DAVIDE,128:17:51,453,45-49,M,ITA
373,ANASTASIADIS Stergios,128:20:13,453,50-54,M,GRE
374,OLDHAM Ian,128:20:37,453,50-54,M,GBR
375,GONZALEZ RODRIGUEZ JUAN,128:23:15,453,50-54,M,ESP
376,TABET Roberta,128:27:01,453,45-49,F,SUI
377,BOZZI Luca,128:27:54,453,45-49,M,ITA
378,FESTI Nicola,128:27:58,453,35-39,M,ITA
379,RUCCI Paolo,128:28:10,453,40-44,M,ITA
380,COLLS AVILA Oscar,128:32:21,452,45-49,M,ESP
381,SCARANO Pamela,128:34:36,452,40-44,F,ITA
382,ISOMURA Chieko,128:34:55,452,45-49,F,JPN
383,CHEUNG Ming Fung,128:38:05,452,35-39,M,HKG
384,GAO feifei,128:39:42,452,40-44,F,CHN
385,BRIAN Agustin,128:41:18,452,40-44,M,ARG
386,BENNETT Sophie,128:53:22,451,40-44,F,GBR
387,CASET Ivan,128:53:54,451,35-39,M,ITA
387,STENICO Simone,128:53:54,451,45-49,M,ITA
389,PINTERIC Dejan,129:02:04,451,45-49,M,SLO
390,FONTANA GIUSTI Giovanni,129:06:17,450,60-64,M,ITA
391,JOUFFROY Romain,129:07:34,450,45-49,M,FRA
392,LAMY Frederic,129:09:13,450,45-49,M,FRA
393,SPIVAK Roman,129:12:12,450,45-49,M,ISR
394,SCHOENMAEKERS Ruben,129:22:50,449,35-39,M,BEL
395,HAUSPY Jules,129:22:52,449,23-34,M,BEL
396,MOZZONE GIOVANNI,129:34:17,449,55-59,M,ITA
397,SHIPOVIKJ Katerina,129:42:30,448,35-39,F,MKD
398,GAI Yuanpei,129:46:07,448,40-44,M,CHN
399,ARANDA David,129:48:17,448,35-39,M,FRA
400,COSSA Michele,129:49:26,448,50-54,M,ITA
401,GERASIMOVIC Marko,129:50:25,448,35-39,M,SRB
402,HARA Ippei,129:56:29,447,45-49,M,JPN
403,PONT Marcella,129:57:25,447,40-44,F,ITA
404,FLETGEN Carole,129:57:29,447,45-49,F,FRA
405,OSWALD Manfred,130:02:07,447,55-59,M,GER
406,LONGEARET Sebastien,130:07:29,447,45-49,M,FRA
407,VALSERIATI Lara,130:19:04,446,23-34,F,ITA
408,QUAINI Marco,130:19:06,446,40-44,M,ITA
409,COCCOLI Daniele,130:19:07,446,23-34,M,ITA
410,LESTIENNE Axel,130:29:03,446,U23,M,FRA
411,CHAN Chun Fai,130:37:21,445,40-44,M,HKG
412,CASARES THOMAS,130:40:30,445,23-34,M,FRA
413,SCHWEGLER Jennifer,130:41:27,445,40-44,F,USA
414,FRANÇOIS Goyot,130:45:04,445,50-54,M,FRA
415,CABANAC Loïc,130:48:01,444,23-34,M,FRA
416,ZAROLI Luca Teresio,130:56:57,444,55-59,M,ITA
417,BORDINI William,131:01:37,444,50-54,M,ITA
418,DELOUCHE Olivier,131:09:11,443,23-34,M,FRA
419,PIGASSE Thomas,131:09:18,443,45-49,M,FRA
420,FABRETTI Fabrizio,131:14:21,443,40-44,M,ITA
421,SUZUKI MIKI,131:16:43,443,50-54,F,JPN
422,WILLIAMS Sarah Kirsty,131:17:59,443,50-54,F,GBR
423,FALANGA Iacopo,131:20:09,443,23-34,M,ITA
424,Zani Paolo,131:29:17,442,55-59,M,ITA
425,BOYER Maxime,131:42:20,441,40-44,M,FRA
426,KUBO Akiko,131:47:09,441,40-44,F,JPN
427,SILVER Carl,132:24:15,439,50-54,M,GBR
428,JONES David,132:24:24,439,45-49,M,GBR
429,RUTSCH Andreas,132:33:42,439,40-44,M,SUI
430,ROSSATO Pietro,132:39:52,438,35-39,M,ITA
431,GRABIASZ Miguel,132:43:08,438,50-54,M,FRA
432,ORSINI Alessio Bortolo Sergio,132:44:02,438,65-69,M,ITA
433,ORSINI Sebastian,132:44:04,438,23-34,M,ITA
434,SERVIDIO GIUSEPPE,133:00:37,437,23-34,M,ITA
435,VELASCO MAGALDI Fernando,133:07:42,437,60-64,M,ESP
436,DELEPLANQUE Aymeric,133:14:47,436,40-44,M,FRA
437,BOGLIO Davide,133:14:59,436,35-39,M,ITA
438,HUI Lai Pui,133:16:12,436,35-39,F,HKG
439,ADELMANN Yann,133:24:04,436,45-49,M,FRA
440,ROYAT Laurent,133:25:25,436,50-54,M,FRA
441,CHAILLET Olivier,133:27:10,436,55-59,M,FRA
442,TAK Hyoung Suk,133:28:37,436,50-54,M,KOR
443,MEJIA Sandra,133:30:35,435,45-49,F,CRC
444,POLLONO Massimiliano,133:35:08,435,45-49,M,ITA
445,LUCA Conrado,133:36:16,435,45-49,M,ITA
446,MILEWICZ Daniel,133:37:25,435,40-44,,POL
447,CARRILLO Yosu,133:42:05,435,45-49,M,ESP
448,REZOLA UROLA Josebe Imanol,133:42:06,435,50-54,M,ESP
449,BURTON Garry,133:42:23,435,50-54,M,GBR
450,GALLI Andrea,133:45:12,435,35-39,M,ITA
451,LA MARTINA Dario,133:56:56,434,65-69,M,ITA
452,LEE Glenn,133:57:46,434,23-34,M,SGP
453,BRUGNETTI Gabriele,133:58:54,434,23-34,M,ITA
454,CAVALIERI Alessio,133:59:05,434,40-44,M,ITA
455,GILARDI Silvia,133:59:11,434,35-39,F,ITA
456,TIRONI Matteo,133:59:25,434,35-39,M,ITA
457,PORRO Samuele,134:01:48,434,23-34,M,ITA
458,BLINN Rachel,134:05:52,434,23-34,F,USA
459,BARTHES Ludovic,134:06:11,434,45-49,M,FRA
460,LAMA Jeevan,134:06:14,434,35-39,M,NEP
461,VALENTE Kevin,134:22:42,433,23-34,M,USA
462,CHARLOT Cyril,134:37:02,432,55-59,,FRA
463,ALVEZ BARRERO Fernando,134:44:43,431,50-54,M,ESP
464,GIROLAMI Paolo,134:45:23,431,50-54,M,ITA
465,TASSONE Lorenzo,134:47:29,431,23-34,M,ITA
466,WÄRMLÄNDER Alexis,134:49:51,431,50-54,M,SWE
467,PIKE Anne,134:51:14,431,45-49,F,USA
468,PEREZ Maria Silvina,134:51:57,431,45-49,F,ARG
469,LAMY Guillaume,135:12:53,430,50-54,M,FRA
470,TRANCON Thomas,135:13:18,430,45-49,M,FRA
471,CRUZ Diego,135:14:29,430,40-44,M,ECU
472,CORREALE Enrico,135:14:48,430,55-59,M,ITA
473,GHIGLIA Martina,135:14:57,430,35-39,F,ITA
474,GRIMALDI Fabrizio,135:15:04,430,55-59,M,ITA
475,BAGLIONI Carlo,135:20:35,430,40-44,M,ITA
476,TASSAN TOFFOLA Mauro,135:22:07,429,50-54,M,ITA
477,SALOMONI Cesare,135:22:11,429,55-59,M,ITA
478,MALLOL Luc,135:32:05,429,45-49,M,FRA
479,FABICK Gregory,135:42:02,428,45-49,M,FRA
480,GEZ Maxime,135:42:05,428,35-39,M,FRA
481,HAMA Saiko,135:43:02,428,55-59,F,JPN
482,LOSIO Augusto,135:43:56,428,55-59,M,ITA
483,IKEDA Yukihiro,135:57:22,428,50-54,M,JPN
484,PHAN Trung Hau,136:26:52,426,40-44,M,VIE
485,FLANDRIN Jerome,136:29:22,426,50-54,M,FRA
486,BROGGI Vittorio,136:32:47,426,60-64,M,ITA
487,MARGERTE Philippe,136:37:52,425,60-64,M,FRA
488,JUNKO Kazukawa,136:41:13,425,60-64,F,JPN
489,KAZUKI Morimoto,137:04:25,424,35-39,M,JPN
490,JINNO Tomonori,137:05:24,424,50-54,M,JPN
491,BASTAMOW Tanja,137:10:54,424,45-49,F,FIN
492,KANWISCHER Derek,137:22:56,423,50-54,M,USA
493,NUNES Dawn,137:31:12,423,40-44,F,RSA
494,MONTANGE Aimeric,137:35:02,423,23-34,M,FRA
495,NEGRAULT Nicolas,137:35:03,423,23-34,M,FRA
496,BONANNO Carmelo,137:37:36,422,60-64,M,ITA
497,LICCIARDI Gregory,137:43:59,422,40-44,M,FRA
498,VANZANDT Marie,137:45:53,422,40-44,F,USA
499,HUILLE Alexandre,137:51:42,422,50-54,M,FRA
500,ALBERT Florent,137:52:16,422,40-44,M,FRA
501,OGGIER Nicolas,137:57:30,421,45-49,M,SUI
502,RODRIGUEZ BANDE Jose Antonio,138:01:47,421,50-54,M,ESP
503,OLIVEIRA Filipe Alexandre,138:04:09,421,40-44,M,BRA
504,FORNERO Andrea Domenico,138:11:41,421,55-59,M,ITA
505,HANNA David,138:28:31,420,40-44,M,GBR
506,BARACCO Alberto,138:37:26,419,55-59,M,ITA
507,CHARLOPIN Yannick,138:43:12,419,50-54,M,FRA
508,GLORIA Daniel,138:46:59,419,50-54,M,FRA
509,ZANINI Giovanni,138:48:20,419,55-59,M,ITA
510,NARAS Philippe,139:02:42,418,55-59,M,FRA
511,GHIRELLI Eugenio,139:07:04,418,45-49,M,ITA
512,PELLIZZARO Egidio,139:19:33,417,55-59,M,ITA
513,SANCHI Matteo,139:20:23,417,35-39,M,ITA
514,FONTANA Renato,139:41:07,416,60-64,M,ITA
515,FORNASIER Fausto,139:41:57,416,50-54,M,ITA
516,SASSO Massimiliano,139:42:46,416,40-44,M,ITA
517,VAN DE BERGH Ingo,139:52:50,416,50-54,M,NED
518,DE FROISSARD Anne-Charlotte,139:55:49,415,40-44,F,FRA
519,BENTHAM Darren,140:00:04,415,55-59,M,GBR
520,NODOMI Hiroshi,140:00:24,415,45-49,M,JPN
521,TOKITA Megumi,140:00:32,415,50-54,F,JPN
522,EDUARDO Eduardo Pereira,140:03:48,415,45-49,M,BRA
523,ROBERT Raphael,140:11:43,415,45-49,M,FRA
524,JEGERLEHNER Beat,140:14:30,415,55-59,M,USA
525,PICARD Francis,140:21:33,414,40-44,M,CAN
526,ROSSAINI DAVIDE,140:26:11,414,40-44,M,ITA
527,SCOTTI stefano,140:26:27,414,50-54,M,ITA
528,CAYON Ana Pilar,140:35:07,414,50-54,F,ESP
529,FERRERO Jerome,140:39:38,413,45-49,M,FRA
530,BRAMANTE Paolo,140:41:10,413,45-49,M,ITA
531,HENNUS Luc,140:42:07,413,60-64,M,BEL
532,CISLAGHI Stella,140:43:20,413,35-39,F,ITA
533,KRUK Slawomir,140:54:05,413,60-64,M,POL
534,JEANCLAUDE Eric,140:56:08,412,60-64,M,FRA
535,TREMAUDEUX Nicolas,141:01:24,412,50-54,M,FRA
536,RECH Arnaud,141:05:04,412,45-49,M,FRA
537,BENVENUTI Vittorio,141:08:08,412,60-64,M,ITA
538,ODER Pascal,141:10:10,412,65-69,M,FRA
539,ROGULJIC Ivan,141:10:31,412,45-49,M,CRO
540,JOVANOVA Radmila,141:10:43,412,35-39,F,MKD
541,SANCHI Marco,141:20:25,411,40-44,M,ITA
542,VERNAILLEN Frank,141:21:15,411,50-54,M,BEL
543,FENG Ronghuang,141:21:51,411,45-49,M,CHN
544,YANG Wanyi,141:21:53,411,23-34,M,CHN
545,RINALDI Ivan,141:40:07,410,40-44,M,ITA
546,ZORODDU Giovanni,141:42:44,410,35-39,M,ITA
547,MAZZINI Milena,141:49:52,410,50-54,F,ITA
548,BRAAD Rasmus,141:57:21,410,45-49,M,DEN
549,KENNY Shane Christopher,141:57:23,410,55-59,M,IRL
550,LAZIC Marina,142:15:13,409,35-39,F,SRB
551,BANNACH BRUNO,142:16:41,409,23-34,M,BRA
552,DE BIASE Anna,142:24:42,408,50-54,F,ITA
553,TOZZATO Andrea,142:24:44,408,55-59,M,ITA
554,GRIMALDI Andrea,142:32:03,408,35-39,M,ITA
555,RIBONI Giulio,142:32:36,408,50-54,M,ITA
556,HARDEMAN Vincent,142:35:46,408,35-39,M,NED
557,DIAO SHU,142:37:14,408,40-44,M,CHN
558,WHITE Deuglan,142:42:51,407,40-44,M,IRL
559,BASSETTI Federico,142:43:21,407,50-54,M,ITA
560,ULETT Jonathan,142:43:25,407,40-44,M,GBR
561,STEINBAUER Martin,142:43:32,407,45-49,M,GER
562,SCHMAUCH Georg,142:43:34,407,60-64,M,GER
563,Anonymous 4181118,142:48:55,407,-,-,CHN
564,MIGLIORE Bruno,142:50:46,407,65-69,M,ITA
565,CHOLIERE Gwénaël,142:51:30,407,50-54,M,FRA
566,RESTELLINI Sebastien,142:57:37,407,35-39,M,FRA
567,CERISE Ludivine,143:01:23,406,40-44,F,FRA
568,DEGREMONT Gaetan,143:01:43,406,45-49,M,FRA
569,FRESIA giancarlo,143:03:03,406,55-59,M,ITA
570,MESQUITA Philippe,143:07:46,406,45-49,M,FRA
571,CANNI FERRARI Eugenio Maria,143:07:56,406,55-59,M,ITA
572,MELOTTI Alessio,143:07:58,406,50-54,M,ITA
573,FLAMINI Erik,143:08:00,406,45-49,M,ITA
574,SASSOULAS Pierre,143:08:44,406,50-54,M,FRA
575,PROUD Matthias,143:09:45,406,40-44,M,FRA
576,OCKELOEN Frank,143:20:13,406,40-44,M,NED
577,GREGORINI FILIPPO,143:21:08,406,50-54,M,ITA
578,PROSPERI Luca,143:23:44,405,40-44,M,GBR
579,NISTRI Leonardo,143:24:46,405,23-34,M,ITA
580,MORNIROLI Alessandro,143:27:34,405,35-39,M,ITA
581,DEL GIORGIO Danilo,143:39:56,405,60-64,M,ITA
582,BOURGET MICKAEL,143:42:06,405,55-59,M,FRA
583,VALLE Fabrizio,143:45:33,404,50-54,M,ITA
584,BERTOLDI Lucio Guido Pietro,143:48:08,404,45-49,M,ITA
585,BROSEGHINI Raniero,143:49:10,404,45-49,M,ITA
586,GLASER Mat,143:51:29,404,45-49,M,USA
587,IGUSA Tom,143:54:45,404,45-49,M,NZL
588,HEID Jens,143:55:28,404,45-49,M,GER
589,ELIAS Manuel,143:56:12,404,50-54,M,BEL
590,OUGIER Laurent,143:59:09,404,55-59,M,FRA
591,SIGNORELLI ANGELO,144:06:30,403,55-59,M,ITA
592,MARTIN ELSA,144:10:13,403,35-39,F,ESP
593,GERMAIN Cyrille,144:12:46,403,50-54,M,FRA
594,SCHIFFER Michael,144:14:18,403,45-49,M,GER
595,LAURET Bruno,144:17:10,403,45-49,M,FRA
596,GAMBETTA gianluca,144:23:15,403,50-54,M,ITA
597,DALIN Liang,144:29:28,402,45-49,M,CHN
598,HAMEL Vincent,144:31:12,402,45-49,M,FRA
599,MUSIARI Raffaella,144:34:10,402,50-54,F,ITA
600,GRANELLI Francesca,144:34:14,402,45-49,F,ITA
601,PADOVANI Andrea,144:34:16,402,60-64,M,ITA
602,BUTTA Chiara Maria,144:39:04,402,35-39,F,ITA
603,BRUSAMENTO Lorena,144:41:08,402,50-54,F,ITA
604,BAUMGARTNER Marc,144:44:01,402,55-59,M,SUI
605,HENDERSON Victoria,144:44:11,402,45-49,F,GBR
606,ALLUVIONE Diego,144:44:18,402,50-54,M,ITA
607,GHEDI Osvaldo,144:44:25,402,55-59,M,ITA
608,ZHONG Ming,144:44:29,402,45-49,M,CHN
609,PONS GUAL Bartolome,144:46:51,402,55-59,,ESP
610,FOLDES Dionyz,144:47:42,401,50-54,M,SVK
611,FERRON Philippe,144:49:58,401,60-64,M,FRA
612,FOK BOR Anthony,144:50:07,401,40-44,M,FRA
613,POSTIGO Silvia,144:52:33,401,55-59,F,ARG
614,PARODI Alessandro,144:57:49,401,23-34,M,ITA
615,LEE Sangsin,144:58:34,401,50-54,M,KOR
616,NAGEL Sven-Malte,145:00:23,401,23-34,M,GER
617,SZABO Sandor,145:09:00,400,50-54,M,HUN
618,ADELHANOFF Nicolas,145:13:31,400,35-39,M,FRA
619,JIANG Yujin,145:13:38,400,23-34,F,CHN
620,MORENO Jose,145:16:43,400,65-69,M,FRA
621,LUCI Valerio,145:17:04,400,23-34,M,ITA
622,TOMASELLO Domenico,145:18:20,400,50-54,M,ITA
623,PETRIAUX Marc,145:19:30,400,50-54,M,BEL
624,FLEISHER Aaron,145:19:35,400,40-44,M,USA
625,FACCIA Daniele,145:20:24,400,40-44,M,ITA
626,TERCIER Frédéric,145:20:39,400,45-49,M,SUI
627,BOSSARD yohann,145:22:06,400,50-54,M,FRA
628,TARANIK Charity,145:24:05,400,40-44,F,CAN
629,TARANIK Bryan,145:24:07,400,40-44,M,CAN
630,LANCINI Vincenzo,145:24:51,400,50-54,M,ITA
631,MORETTI Paolo,145:24:53,400,45-49,M,ITA
632,PFEILER OPITZ Marianne,145:29:26,400,50-54,F,AUT
633,KAYSER Jean,145:30:40,399,60-64,M,BEL
634,HE HU,145:30:41,399,50-54,M,CHN
635,GAMBARE Marco,145:32:38,399,45-49,M,ITA
636,BRIKAS Theodoros,145:34:13,399,50-54,M,GRE
637,CELLI Stefano,145:37:39,399,45-49,M,ITA
638,POZZONI Iader,145:37:58,399,55-59,M,ITA
639,AKIKO KAMAKURA,145:40:09,399,40-44,F,JPN
640,SHIMOMURA shoko,145:40:16,399,50-54,M,JPN
641,POZZOLO Alberto,145:40:29,399,45-49,M,ITA
642,SCUCCATO Massimo,145:40:57,399,35-39,M,ITA
643,TASHIRO Hiroyuki,145:41:32,399,55-59,M,JPN
644,SUZUKI Takahiro,145:42:28,399,45-49,M,JPN
645,POLGAR Levente Ioan,145:42:35,399,40-44,M,ROU
646,CHARROIN Pascal,145:43:07,399,50-54,M,FRA
647,UCHIYAMA TSUTOMU,145:44:42,399,55-59,M,JPN
648,PACOT david,145:44:55,399,50-54,M,FRA
649,TSUJIMOTO Arihito,145:55:46,398,55-59,M,JPN
650,DAFFINI Angela,145:56:23,398,55-59,F,ITA
651,BARRAUD Laurent,146:00:07,398,45-49,M,FRA
652,KANAMOTO Kazutoshi,146:00:45,398,55-59,M,JPN
653,ALBERTONE Joel,146:01:38,398,40-44,M,FRA
654,AUVINET Cyril,146:02:28,398,50-54,M,FRA
655,ASSASSA Yann Joel,146:09:08,398,40-44,M,FRA
656,VERONESE Romano,146:09:16,398,45-49,M,ITA
657,CASTAGNERI FABRIZIO,146:10:10,398,55-59,M,ITA
658,BARCELLA Stefano,146:10:23,398,40-44,M,ITA
659,FAUVARQUE Thierry,146:16:57,397,50-54,M,FRA
660,TACCHINI Denis,146:19:24,397,35-39,M,ITA
661,ROBYR Xavier,146:19:52,397,55-59,M,SUI
662,CHEUNG Kashing,146:21:46,397,45-49,M,HKG
663,ROINNE Rodolphe,146:21:47,397,35-39,M,FRA
663,WEHRLE Pierre,146:21:47,397,45-49,M,FRA
665,ABE Masahiro,146:24:07,397,35-39,M,JPN
666,MALLET Luc,146:24:59,397,55-59,M,FRA
667,NIBBIO alessandro,146:29:24,397,55-59,M,ITA
668,BOYDENS Wim,146:29:29,397,45-49,M,BEL
669,GIACALONE Daniele,146:29:32,397,55-59,M,ITA
670,ROSSET Rene,146:31:17,397,45-49,M,ITA
671,GIARAMIDA Giuseppe,146:32:27,397,45-49,M,ITA
672,LEUNG Wan Yee,146:34:45,397,45-49,F,HKG
673,PENG Cheng,146:34:54,397,40-44,M,CHN
674,MU Kai,146:35:27,397,40-44,M,CHN
675,YEUNG Ka Lun,146:38:25,396,45-49,M,HKG
676,SURACE Fabio,146:43:52,396,65-69,M,ITA
677,VITKOV Ilian,146:50:56,396,45-49,M,BUL
678,DUROUX Sergio,146:52:05,396,55-59,M,ITA
679,TRAVAILLOT Laurent,146:54:32,396,60-64,M,FRA
680,TRAVAILLOT Marie Laure,146:54:35,396,55-59,F,FRA
681,LE BRETON Christophe,146:58:41,396,55-59,M,FRA
682,RISSONE Mauro,147:02:31,395,45-49,M,ITA
683,WALSH Padraic,147:06:02,395,50-54,M,IRL
684,COLDRAY Joshua,147:10:41,395,35-39,M,GBR
685,MOLON Fabio,147:11:05,395,40-44,M,ITA
686,DUTERME Virginie,147:24:41,394,50-54,F,FRA
687,SESSANTINI Ferdinando,147:27:24,394,45-49,M,ITA
688,EFFRANCEY Philippe,147:28:56,394,60-64,M,FRA
689,ANDRIEUX Sylvain,147:30:38,394,40-44,M,FRA
690,SGRO CERAVOLO Silvio,147:32:08,394,45-49,M,ITA
691,GAVRIILIDOU DESPOINA,147:33:03,394,45-49,F,GRE
692,PIREDDA Stefania,147:33:20,394,40-44,F,ITA
693,PRAESI suraroek,147:33:43,394,45-49,M,THA
694,SHAO Sebastien,147:34:54,394,50-54,M,FRA
695,ORENGO GIORGIO,147:38:07,394,50-54,M,ITA
696,BROWNE Colleen,147:38:08,394,40-44,F,RSA
697,SLEGERS NICOLAS,147:45:06,393,40-44,M,BEL
698,KOBAYASHI Daiki,147:49:24,393,50-54,M,JPN
699,PETRONE angelo,147:49:42,393,50-54,M,ITA
700,CAPELLONI Francesca,148:03:03,393,55-59,F,ITA
701,ANDEOL Guillaume,148:03:22,393,45-49,M,FRA
702,REICHARDT Frank,148:04:58,393,45-49,M,GER
703,ARMANDO Rigolli,148:07:43,392,65-69,M,ITA
703,GHIO Alfredo,148:07:43,392,65-69,M,ITA
705,WILLIAMS Kaz,148:09:50,392,50-54,F,GBR
706,NEMET Alex,148:17:14,392,50-54,M,USA
707,HAMANO Tomohide,148:23:43,392,55-59,M,JPN
708,DE CORDOVA July,148:23:56,392,55-59,F,GUA
709,MAGLIANO GUIDO,148:24:30,392,60-64,M,ITA
710,DAL Frederic,148:36:06,391,50-54,M,FRA
711,AZNAREZ Jorge,148:39:49,391,55-59,M,ARG
712,ASTETE Veronica,148:40:06,391,50-54,F,ARG
713,RENARD Delphine,148:41:42,391,40-44,F,BEL
714,FONTANIE Christophe,148:42:44,391,50-54,M,FRA
715,MUKAI Yuichi,148:44:32,391,45-49,M,JPN
716,NAHACZ Gregory,148:45:36,391,40-44,M,FRA
717,MOSELE Alessia,148:46:19,391,40-44,F,ITA
718,KUZNETSOV Petr,148:49:30,391,45-49,M,RUS
719,LE Khang,148:53:30,390,45-49,M,USA
720,CASTANON Noe,148:54:22,390,55-59,M,MEX
721,MANONI Giorgio,148:57:22,390,50-54,M,ITA
722,MCDERMOTT David,149:00:14,390,70-74,M,USA
723,OGASAWARA Hiroshi,149:02:05,390,60-64,M,JPN
724,SHEN Qiaolin,149:03:35,390,40-44,M,CHN
725,ZHENG Xiaohui,149:05:25,390,50-54,M,CAN
726,Anonymous 192197,149:10:28,390,-,-,GBR
727,VILF Victoria,149:12:37,390,35-39,F,RUS
728,GUIRONNET Jerome,149:15:59,389,40-44,M,SUI
729,LE GAL Matthieu,149:17:31,389,40-44,M,FRA
730,TANG Ying,149:23:22,389,40-44,F,FRA
731,CAPELLI Alessandro,149:32:08,389,50-54,M,ITA
732,WONGWORRATHEVA Wanlika,149:34:36,389,23-34,F,THA
733,DIBADGE Payam,149:41:12,388,40-44,M,IRI
734,BISAZZA Tiziano,149:44:34,388,45-49,M,ITA
735,XIONG Yonggang,149:49:43,388,45-49,M,CHN
736,POLOTTI Diego,149:57:26,388,50-54,,ITA
737,JI Hang,151:00:14,385,40-44,M,CHN
738,WANG XIAODONG,151:29:43,384,40-44,M,CHN
739,DJOKIC Zudana,151:54:32,383,35-39,F,SRB
740,SHEMING Lu,151:57:12,383,45-49,M,CHN
741,XUAN Liang,151:57:15,383,40-44,M,CHN
742,TANG William,151:57:40,383,55-59,M,HKG
743,GIARDINO Alessandro,152:13:11,382,50-54,M,ITA
